any,districte,seccio,sexe,codi_nivell_estudis,nivell_estudis,data_naixement,codi_municipi_naixement,municipi_pais_naixement,codi_provincia_naixement,provincia_naixement,codi_nacionalitat,nacionalitat,data_alta,codi_municipi_procedencia,municipi_pais_procedencia,codi_provincia_procedencia,provincia_procedencia
2020,1,1,HOME,45,"ARQUITECTE,ENGINYER TÈCNI",2000,79,GIRONA,17,GIRONA,108,ESPAÑA,31/10/1996,92,LLANÇÀ,17,GIRONA
2020,1,2,HOME,11,NI LLEGIR NI ESCRIURE,2000,79,GIRONA,17,GIRONA,108,ESPAÑA,14/08/2000,79,GIRONA,17,GIRONA
2020,1,3,HOME,42,"BATXILLER SUPERIOR, BUP",1987,92,LLANÇÀ,17,GIRONA,108,ESPAÑA,31/10/1996,92,LLANÇÀ,17,GIRONA
2020,1,4,HOME,46,LLICENCIAT O GRAU UNIVER.,1990,79,GIRONA,17,GIRONA,108,ESPAÑA,25/10/2006,172,S. MARTI DE LLEMENA,17,GIRONA
2020,1,4,DONA,42,"BATXILLER SUPERIOR, BUP",1984,340,ARGENTINA,66,EXTRANJERO,115,ITALIA,26/09/2012,79,GIRONA,17,GIRONA
2020,1,5,HOME,42,"BATXILLER SUPERIOR, BUP",1990,147,RIPOLL,17,GIRONA,108,ESPAÑA,05/07/2013,88,GARRIGA (LA),8,BARCELONA
2020,1,5,DONA,46,LLICENCIAT O GRAU UNIVER.,1988,342,BRASIL,66,EXTRANJERO,342,BRASIL,20/03/2012,342,BRASIL,66,EXTRANJERO
2020,2,1,HOME,42,"BATXILLER SUPERIOR, BUP",1982,351,VENEZUELA,66,EXTRANJERO,108,ESPAÑA,18/09/2008,22,<20,38,SANTA CRUZ DE TENERIFE
2020,2,1,HOME,42,"BATXILLER SUPERIOR, BUP",1985,302,ESTADOS UNIDOS DE AMÉRICA,66,EXTRANJERO,302,ESTADOS UNIDOS DE AMÉRICA,22/06/2009,302,ESTADOS UNIDOS DE AMÉRICA,66,EXTRANJERO
2020,2,1,HOME,45,"ARQUITECTE,ENGINYER TÈCNI",1944,79,GIRONA,17,GIRONA,108,ESPAÑA,16/06/2004,67,FLAÇÀ,17,GIRONA
2020,2,2,DONA,46,LLICENCIAT O GRAU UNIVER.,1986,303,MÉXICO,66,EXTRANJERO,303,MÉXICO,30/09/2013,303,MÉXICO,66,EXTRANJERO
2020,2,3,HOME,31,"BATX. ELEM., GRADUAT, ESO",1978,79,GIRONA,17,GIRONA,108,ESPAÑA,30/09/2013,49,CELRÀ,17,GIRONA
2020,3,1,HOME,46,LLICENCIAT O GRAU UNIVER.,1970,19,BARCELONA,8,BARCELONA,108,ESPAÑA,25/11/2003,19,BARCELONA,8,BARCELONA
2020,3,1,HOME,47,TÍTOL SUP NO UNIVERSITARI,1988,19,BARCELONA,8,BARCELONA,108,ESPAÑA,16/09/2013,3,<20,8,BARCELONA
2020,3,2,DONA,22,PRIMÀRIA INCOMPLETA,1926,50,CERVIA DE TER,17,GIRONA,108,ESPAÑA,01/05/1996,50,CERVIA DE TER,17,GIRONA
2020,3,3,DONA,32,FORMACIÓ PROFESS 1ER GRAU,1977,91,SEVILLA,41,SEVILLA,108,ESPAÑA,04/01/2005,903,<20,41,SEVILLA
2020,3,4,HOME,46,LLICENCIAT O GRAU UNIVER.,1981,148,TARRAGONA,43,TARRAGONA,108,ESPAÑA,23/06/2010,148,TARRAGONA,43,TARRAGONA
2020,3,4,HOME,46,LLICENCIAT O GRAU UNIVER.,1977,24,LORCA,30,MURCIA,108,ESPAÑA,25/08/2010,297,ZARAGOZA,50,ZARAGOZA
2020,4,1,HOME,31,"BATX. ELEM., GRADUAT, ESO",1936,208,<20,44,TERUEL,112,HUNGRIA,21/12/2010,208,<20,44,TERUEL
2020,4,2,HOME,48,DOCTORAT I POST-GRAU,1945,165,<20,43,TARRAGONA,108,ESPAÑA,23/12/2010,19,BARCELONA,8,BARCELONA
2020,4,2,HOME,46,LLICENCIAT O GRAU UNIVER.,1940,<20,<20,34,PALENCIA,108,ESPAÑA,21/01/2008,297,ZARAGOZA,50,ZARAGOZA
2020,4,2,HOME,46,LLICENCIAT O GRAU UNIVER.,1932,45,<20,28,MADRID,108,ESPAÑA,30/11/2011,<20,<20,46,VALÈNCIA
2020,4,3,DONA,42,"BATXILLER SUPERIOR, BUP",1933,79,GIRONA,17,GIRONA,108,ESPAÑA,01/05/1996,79,GIRONA,17,GIRONA
2020,5,1,DONA,42,"BATXILLER SUPERIOR, BUP",1931,79,GIRONA,17,GIRONA,108,ESPAÑA,01/05/1996,79,GIRONA,17,GIRONA
2020,5,1,HOME,45,"ARQUITECTE,ENGINYER TÈCNI",1960,79,GIRONA,17,GIRONA,108,ESPAÑA,01/05/1996,79,GIRONA,17,GIRONA
2020,5,1,HOME,22,PRIMÀRIA INCOMPLETA,1929,79,GIRONA,17,GIRONA,108,ESPAÑA,01/05/1996,79,GIRONA,17,GIRONA
2020,5,1,DONA,22,PRIMÀRIA INCOMPLETA,1934,79,GIRONA,17,GIRONA,108,ESPAÑA,01/05/1996,79,GIRONA,17,GIRONA
2020,5,2,DONA,44,DIPLOMAT ESCOLA UNIVERS.,1984,79,GIRONA,17,GIRONA,108,ESPAÑA,29/11/2013,57,CORÇÀ,17,GIRONA
2020,5,2,HOME,21,SENSE ESTUDIS,2012,57,CORÇÀ,17,GIRONA,108,ESPAÑA,29/11/2013,57,CORÇÀ,17,GIRONA
2020,5,3,DONA,42,"BATXILLER SUPERIOR, BUP",1977,19,BARCELONA,8,BARCELONA,108,ESPAÑA,06/06/2007,14,<20,17,GIRONA
2020,5,4,DONA,11,NI LLEGIR NI ESCRIURE,2013,79,GIRONA,17,GIRONA,108,ESPAÑA,30/09/2013,79,GIRONA,17,GIRONA
2020,6,1,HOME,48,DOCTORAT I POST-GRAU,1981,19,BARCELONA,8,BARCELONA,108,ESPAÑA,18/11/2010,6,ARENYS DE MAR,8,BARCELONA
2020,6,1,HOME,11,NI LLEGIR NI ESCRIURE,2011,79,GIRONA,17,GIRONA,108,ESPAÑA,09/06/2011,79,GIRONA,17,GIRONA
2020,6,2,HOME,11,NI LLEGIR NI ESCRIURE,1992,79,GIRONA,17,GIRONA,108,ESPAÑA,19/09/1996,79,GIRONA,17,GIRONA
2020,6,2,HOME,42,"BATXILLER SUPERIOR, BUP",1981,228,MARRUECOS,66,EXTRANJERO,228,MARRUECOS,04/01/2007,124,MOLLET DEL VALLES,8,BARCELONA
2020,6,3,DONA,42,"BATXILLER SUPERIOR, BUP",1992,79,GIRONA,17,GIRONA,108,ESPAÑA,18/04/2013,25,BORDILS,17,GIRONA
2020,6,3,HOME,42,"BATXILLER SUPERIOR, BUP",1966,187,SABADELL,8,BARCELONA,108,ESPAÑA,07/05/1998,19,BARCELONA,8,BARCELONA
2020,6,4,HOME,31,"BATX. ELEM., GRADUAT, ESO",1963,116,OSOR,17,GIRONA,108,ESPAÑA,07/05/1998,155,SALT,17,GIRONA
2020,6,5,DONA,44,DIPLOMAT ESCOLA UNIVERS.,1986,89,LLAGOSTERA,17,GIRONA,108,ESPAÑA,22/10/2009,89,LLAGOSTERA,17,GIRONA
2020,6,5,DONA,31,"BATX. ELEM., GRADUAT, ESO",1927,79,GIRONA,17,GIRONA,108,ESPAÑA,01/05/1996,79,GIRONA,17,GIRONA
2020,6,5,DONA,32,FORMACIÓ PROFESS 1ER GRAU,1931,7,AMER,17,GIRONA,108,ESPAÑA,01/05/1996,7,AMER,17,GIRONA
2020,6,6,HOME,46,LLICENCIAT O GRAU UNIVER.,1960,298,VIC,8,BARCELONA,108,ESPAÑA,04/03/2010,278,TARADELL,8,BARCELONA
2020,6,6,HOME,22,PRIMÀRIA INCOMPLETA,2001,298,VIC,8,BARCELONA,108,ESPAÑA,04/03/2010,278,TARADELL,8,BARCELONA
2020,6,6,DONA,46,LLICENCIAT O GRAU UNIVER.,1963,55,PRIEGO DE CORDOBA,14,CÓRDOBA,108,ESPAÑA,04/03/2010,278,TARADELL,8,BARCELONA
2020,6,7,DONA,31,"BATX. ELEM., GRADUAT, ESO",1995,298,VIC,8,BARCELONA,108,ESPAÑA,04/03/2010,278,TARADELL,8,BARCELONA
2020,6,7,DONA,42,"BATXILLER SUPERIOR, BUP",1971,79,GIRONA,17,GIRONA,108,ESPAÑA,01/05/1996,79,GIRONA,17,GIRONA
2020,6,7,HOME,11,NI LLEGIR NI ESCRIURE,2001,79,GIRONA,17,GIRONA,108,ESPAÑA,24/01/2001,79,GIRONA,17,GIRONA
2020,6,7,DONA,11,NI LLEGIR NI ESCRIURE,2002,79,GIRONA,17,GIRONA,108,ESPAÑA,10/04/2002,79,GIRONA,17,GIRONA
2020,6,7,DONA,46,LLICENCIAT O GRAU UNIVER.,1976,169,S.JULIA RAMIS,17,GIRONA,108,ESPAÑA,01/05/1996,169,S.JULIA RAMIS,17,GIRONA
2021,1,1,DONA,11,NI LLEGIR NI ESCRIURE,2008,79,GIRONA,17,GIRONA,108,ESPAÑA,17/01/2008,79,GIRONA,17,GIRONA
2021,1,2,HOME,41,FORMACIÓ PROFESS 2ON GRAU,1973,79,GIRONA,17,GIRONA,108,ESPAÑA,01/05/1996,79,GIRONA,17,GIRONA
2021,1,3,DONA,46,LLICENCIAT O GRAU UNIVER.,1969,22,LA BISBAL D'EMPORDA,17,GIRONA,108,ESPAÑA,24/08/2001,22,LA BISBAL D'EMPORDA,17,GIRONA
2021,1,4,HOME,11,NI LLEGIR NI ESCRIURE,2005,79,GIRONA,17,GIRONA,108,ESPAÑA,11/08/2005,,,,
2021,1,4,DONA,42,"BATXILLER SUPERIOR, BUP",1970,66,FIGUERES,17,GIRONA,108,ESPAÑA,04/08/1997,66,FIGUERES,17,GIRONA
2021,1,5,HOME,44,DIPLOMAT ESCOLA UNIVERS.,1978,180,S. COLOMA DE FARNERS,17,GIRONA,108,ESPAÑA,29/05/2013,180,S. COLOMA DE FARNERS,17,GIRONA
2021,1,5,DONA,44,DIPLOMAT ESCOLA UNIVERS.,1983,152,ROSES,17,GIRONA,108,ESPAÑA,13/09/2010,152,ROSES,17,GIRONA
2021,2,1,DONA,41,FORMACIÓ PROFESS 2ON GRAU,1964,19,BARCELONA,8,BARCELONA,108,ESPAÑA,20/03/2013,123,PALOL REVARDIT,17,GIRONA
2021,2,1,DONA,31,"BATX. ELEM., GRADUAT, ESO",1997,79,GIRONA,17,GIRONA,108,ESPAÑA,20/03/2013,123,PALOL REVARDIT,17,GIRONA
2021,2,1,DONA,22,PRIMÀRIA INCOMPLETA,2002,79,GIRONA,17,GIRONA,108,ESPAÑA,20/03/2013,123,PALOL REVARDIT,17,GIRONA
2021,2,2,DONA,43,ALTRES TÍTOLS DE GRAU MIG,1979,30,A CORUÑA,15,LA CORUÑA,108,ESPAÑA,15/10/2010,30,A CORUÑA,15,LA CORUÑA
2021,2,3,DONA,46,LLICENCIAT O GRAU UNIVER.,1973,79,GIRONA,17,GIRONA,108,ESPAÑA,01/05/1996,79,GIRONA,17,GIRONA
2021,3,1,DONA,32,FORMACIÓ PROFESS 1ER GRAU,1981,102,IGUALADA,8,BARCELONA,108,ESPAÑA,08/09/2003,50,<20,25,LLEIDA
2021,3,1,DONA,22,PRIMÀRIA INCOMPLETA,1947,30,MURCIA,30,MURCIA,108,ESPAÑA,01/05/1996,186,SARRIÀ DE TER,17,GIRONA
2021,3,2,DONA,22,PRIMÀRIA INCOMPLETA,1988,79,GIRONA,17,GIRONA,108,ESPAÑA,01/05/1996,79,GIRONA,17,GIRONA
2021,3,3,HOME,31,"BATX. ELEM., GRADUAT, ESO",1976,186,SARRIÀ DE TER,17,GIRONA,108,ESPAÑA,01/05/1996,186,SARRIÀ DE TER,17,GIRONA
2021,3,4,HOME,32,FORMACIÓ PROFESS 1ER GRAU,1978,27,BREDA,17,GIRONA,108,ESPAÑA,04/01/2013,27,BREDA,17,GIRONA
2021,3,4,HOME,40,"BATXILLER,FPII O SUPERIOR",1959,79,GIRONA,17,GIRONA,108,ESPAÑA,01/05/1996,117,PALAFRUGELL,17,GIRONA
2021,4,1,DONA,40,"BATXILLER,FPII O SUPERIOR",1956,110,FRANCIA,66,EXTRANJERO,110,FRANCIA,01/05/1996,110,FRANCIA,66,EXTRANJERO
2021,4,2,HOME,42,"BATXILLER SUPERIOR, BUP",1990,79,GIRONA,17,GIRONA,108,ESPAÑA,01/05/1996,79,GIRONA,17,GIRONA
2021,4,2,DONA,46,LLICENCIAT O GRAU UNIVER.,1981,79,GIRONA,17,GIRONA,108,ESPAÑA,01/05/1996,79,GIRONA,17,GIRONA
2021,4,2,DONA,46,LLICENCIAT O GRAU UNIVER.,1988,19,BARCELONA,8,BARCELONA,108,ESPAÑA,17/09/2012,89,GAVÀ,8,BARCELONA
2021,4,3,DONA,40,"BATXILLER,FPII O SUPERIOR",1930,79,GIRONA,17,GIRONA,108,ESPAÑA,01/05/1996,79,GIRONA,17,GIRONA
2021,5,1,DONA,40,"BATXILLER,FPII O SUPERIOR",1929,79,GIRONA,17,GIRONA,112,HUNGRIA,01/05/1996,79,GIRONA,17,GIRONA
2021,5,1,DONA,40,"BATXILLER,FPII O SUPERIOR",1926,87,GRANADA,18,GRANADA,108,ESPAÑA,01/05/1996,87,GRANADA,18,GRANADA
2021,5,1,HOME,42,"BATXILLER SUPERIOR, BUP",1971,79,GIRONA,17,GIRONA,108,ESPAÑA,28/08/1998,48,CASTELL D'ARO,17,GIRONA
2021,5,1,DONA,31,"BATX. ELEM., GRADUAT, ESO",1937,48,CASTELL D'ARO,17,GIRONA,108,ESPAÑA,28/08/1998,48,CASTELL D'ARO,17,GIRONA
2021,5,2,HOME,31,"BATX. ELEM., GRADUAT, ESO",1934,79,GIRONA,17,GIRONA,108,ESPAÑA,28/08/1998,48,CASTELL D'ARO,17,GIRONA
2021,5,2,DONA,31,"BATX. ELEM., GRADUAT, ESO",1989,302,ESTADOS UNIDOS DE AMÉRICA,66,EXTRANJERO,115,ITALIA,06/07/2006,79,GIRONA,17,GIRONA
2021,5,3,HOME,42,"BATXILLER SUPERIOR, BUP",1976,79,GIRONA,17,GIRONA,108,ESPAÑA,01/05/1996,79,GIRONA,17,GIRONA
2021,5,4,HOME,42,"BATXILLER SUPERIOR, BUP",1968,69,DONOSTIA/SAN SEBASTIÁN,20,GUIPÚZCOA,108,ESPAÑA,15/01/2007,902,<20,20,GUIPÚZCOA
2021,6,1,DONA,42,"BATXILLER SUPERIOR, BUP",1967,79,GIRONA,17,GIRONA,108,ESPAÑA,07/09/2009,15,BANYOLES,17,GIRONA
2021,6,1,DONA,42,"BATXILLER SUPERIOR, BUP",1985,79,GIRONA,17,GIRONA,108,ESPAÑA,02/02/2007,155,SALT,17,GIRONA
2021,6,2,HOME,42,"BATXILLER SUPERIOR, BUP",1981,298,VIC,8,BARCELONA,108,ESPAÑA,27/07/2010,278,TARADELL,8,BARCELONA
2021,6,2,HOME,46,LLICENCIAT O GRAU UNIVER.,1982,77,ESPLUGUES LLOBREGAT,8,BARCELONA,108,ESPAÑA,27/07/2010,221,SANT JUST DESVERN,8,BARCELONA
2021,6,3,HOME,31,"BATX. ELEM., GRADUAT, ESO",1975,187,SABADELL,8,BARCELONA,108,ESPAÑA,20/02/1997,51,<20,43,TARRAGONA
2021,6,3,DONA,46,LLICENCIAT O GRAU UNIVER.,1988,79,GIRONA,17,GIRONA,108,ESPAÑA,22/09/2011,15,BANYOLES,17,GIRONA
2021,6,4,HOME,22,PRIMÀRIA INCOMPLETA,1920,79,GIRONA,17,GIRONA,108,ESPAÑA,01/05/1996,79,GIRONA,17,GIRONA
2021,6,5,DONA,42,"BATXILLER SUPERIOR, BUP",1991,342,BRASIL,66,EXTRANJERO,108,ESPAÑA,12/09/2005,342,BRASIL,66,EXTRANJERO
2021,6,5,DONA,40,"BATXILLER,FPII O SUPERIOR",1951,30,A CORUÑA,15,LA CORUÑA,108,ESPAÑA,01/05/1996,30,A CORUÑA,15,LA CORUÑA
2021,6,5,HOME,42,"BATXILLER SUPERIOR, BUP",1951,79,GIRONA,17,GIRONA,108,ESPAÑA,01/05/1996,79,GIRONA,17,GIRONA
2021,6,6,HOME,31,"BATX. ELEM., GRADUAT, ESO",1989,79,GIRONA,17,GIRONA,108,ESPAÑA,01/05/1996,79,GIRONA,17,GIRONA
2021,6,6,HOME,31,"BATX. ELEM., GRADUAT, ESO",1936,79,GIRONA,17,GIRONA,108,ESPAÑA,01/05/1996,79,GIRONA,17,GIRONA
2021,6,6,HOME,47,TÍTOL SUP NO UNIVERSITARI,1987,19,BARCELONA,8,BARCELONA,108,ESPAÑA,10/10/2011,19,BARCELONA,8,BARCELONA
2021,6,6,DONA,32,FORMACIÓ PROFESS 1ER GRAU,1975,19,BARCELONA,8,BARCELONA,108,ESPAÑA,19/07/2002,142,QUART,17,GIRONA
2021,6,6,HOME,11,NI LLEGIR NI ESCRIURE,2000,79,GIRONA,17,GIRONA,108,ESPAÑA,15/12/2000,79,GIRONA,17,GIRONA
2021,6,7,DONA,42,"BATXILLER SUPERIOR, BUP",1971,79,GIRONA,17,GIRONA,108,ESPAÑA,01/05/1996,79,GIRONA,17,GIRONA
2021,6,7,DONA,48,DOCTORAT I POST-GRAU,1960,136,PONTOS,17,GIRONA,108,ESPAÑA,01/11/2001,66,FIGUERES,17,GIRONA
2021,6,7,HOME,46,LLICENCIAT O GRAU UNIVER.,1951,<20,<20,40,SEGOVIA,108,ESPAÑA,01/05/1996,19,BARCELONA,8,BARCELONA
2021,6,7,HOME,42,"BATXILLER SUPERIOR, BUP",1993,79,GIRONA,17,GIRONA,108,ESPAÑA,01/05/1996,79,GIRONA,17,GIRONA
2021,6,7,HOME,40,"BATXILLER,FPII O SUPERIOR",1952,250,VALENCIA,46,VALÈNCIA,108,ESPAÑA,01/05/1996,78,CUENCA,16,CUENCA
2021,6,7,HOME,46,LLICENCIAT O GRAU UNIVER.,1981,79,GIRONA,17,GIRONA,108,ESPAÑA,01/05/1996,79,GIRONA,17,GIRONA
2021,6,7,DONA,45,"ARQUITECTE,ENGINYER TÈCNI",1954,79,GIRONA,17,GIRONA,108,ESPAÑA,01/05/1996,79,GIRONA,17,GIRONA
2021,6,7,DONA,22,PRIMÀRIA INCOMPLETA,1929,191,<20,17,GIRONA,108,ESPAÑA,01/05/1996,191,<20,17,GIRONA
2021,6,7,HOME,22,PRIMÀRIA INCOMPLETA,1922,56,CORNELLÀ DEL TERRI,17,GIRONA,108,ESPAÑA,01/05/1996,56,CORNELLÀ DEL TERRI,17,GIRONA
2022,1,1,DONA,46,LLICENCIAT O GRAU UNIVER.,1952,302,ESTADOS UNIDOS DE AMÉRICA,66,EXTRANJERO,302,ESTADOS UNIDOS DE AMÉRICA,22/10/2012,302,ESTADOS UNIDOS DE AMÉRICA,66,EXTRANJERO
2022,1,2,HOME,46,LLICENCIAT O GRAU UNIVER.,1952,302,ESTADOS UNIDOS DE AMÉRICA,66,EXTRANJERO,302,ESTADOS UNIDOS DE AMÉRICA,22/10/2012,302,ESTADOS UNIDOS DE AMÉRICA,66,EXTRANJERO
2022,1,3,DONA,22,PRIMÀRIA INCOMPLETA,1992,19,BARCELONA,8,BARCELONA,108,ESPAÑA,01/05/1996,19,BARCELONA,8,BARCELONA
2022,1,4,DONA,46,LLICENCIAT O GRAU UNIVER.,1987,342,BRASIL,66,EXTRANJERO,342,BRASIL,17/10/2011,342,BRASIL,66,EXTRANJERO
2022,1,4,DONA,22,PRIMÀRIA INCOMPLETA,2002,79,GIRONA,17,GIRONA,108,ESPAÑA,22/06/2011,321,HONDURAS,66,EXTRANJERO
2022,1,5,DONA,31,"BATX. ELEM., GRADUAT, ESO",2002,79,GIRONA,17,GIRONA,108,ESPAÑA,09/09/2010,155,SALT,17,GIRONA
2022,1,5,DONA,31,"BATX. ELEM., GRADUAT, ESO",2002,191,<20,17,GIRONA,108,ESPAÑA,24/07/2013,33,CALDES MALAVELLA,17,GIRONA
2022,2,1,DONA,31,"BATX. ELEM., GRADUAT, ESO",1972,79,GIRONA,17,GIRONA,108,ESPAÑA,28/02/2012,8,ANGLES,17,GIRONA
2022,2,1,HOME,42,"BATXILLER SUPERIOR, BUP",1976,321,HONDURAS,66,EXTRANJERO,321,HONDURAS,20/09/2011,155,SALT,17,GIRONA
2022,2,1,DONA,31,"BATX. ELEM., GRADUAT, ESO",1973,321,HONDURAS,66,EXTRANJERO,321,HONDURAS,14/01/2011,92,LLANÇÀ,17,GIRONA
2022,2,2,HOME,47,TÍTOL SUP NO UNIVERSITARI,1978,321,HONDURAS,66,EXTRANJERO,321,HONDURAS,09/03/2010,189,LA CELLERA TER,17,GIRONA
2022,2,3,HOME,31,"BATX. ELEM., GRADUAT, ESO",1978,321,HONDURAS,66,EXTRANJERO,321,HONDURAS,14/04/2007,321,HONDURAS,66,EXTRANJERO
2022,2,3,DONA,47,TÍTOL SUP NO UNIVERSITARI,1974,104,BULGARIA,66,EXTRANJERO,104,BULGARIA,04/12/2012,104,BULGARIA,66,EXTRANJERO
2022,2,4,HOME,31,"BATX. ELEM., GRADUAT, ESO",1972,104,BULGARIA,66,EXTRANJERO,104,BULGARIA,24/05/2004,104,BULGARIA,66,EXTRANJERO
2022,3,1,HOME,31,"BATX. ELEM., GRADUAT, ESO",1985,104,BULGARIA,66,EXTRANJERO,104,BULGARIA,19/03/2005,104,BULGARIA,66,EXTRANJERO
2022,3,1,HOME,41,FORMACIÓ PROFESS 2ON GRAU,1984,104,BULGARIA,66,EXTRANJERO,104,BULGARIA,10/11/2006,104,BULGARIA,66,EXTRANJERO
2022,3,2,HOME,31,"BATX. ELEM., GRADUAT, ESO",1979,228,MARRUECOS,66,EXTRANJERO,228,MARRUECOS,29/11/2007,228,MARRUECOS,66,EXTRANJERO
2022,3,2,DONA,42,"BATXILLER SUPERIOR, BUP",1989,104,BULGARIA,66,EXTRANJERO,104,BULGARIA,26/08/2009,104,BULGARIA,66,EXTRANJERO
2022,3,3,DONA,42,"BATXILLER SUPERIOR, BUP",1985,321,HONDURAS,66,EXTRANJERO,321,HONDURAS,27/10/2010,155,SALT,17,GIRONA
2022,3,3,HOME,42,"BATXILLER SUPERIOR, BUP",1967,118,PALAMÓS,17,GIRONA,108,ESPAÑA,01/11/2001,118,PALAMÓS,17,GIRONA
2022,3,3,DONA,22,PRIMÀRIA INCOMPLETA,1938,79,GIRONA,17,GIRONA,108,ESPAÑA,01/05/1996,79,GIRONA,17,GIRONA
2022,4,1,HOME,42,"BATXILLER SUPERIOR, BUP",1963,79,GIRONA,17,GIRONA,108,ESPAÑA,18/12/2012,92,<20,50,ZARAGOZA
2022,4,1,DONA,11,NI LLEGIR NI ESCRIURE,1925,200,TORTELLÀ,17,GIRONA,108,ESPAÑA,01/05/1996,200,TORTELLÀ,17,GIRONA
2022,4,1,HOME,44,DIPLOMAT ESCOLA UNIVERS.,1973,19,BARCELONA,8,BARCELONA,108,ESPAÑA,03/05/2007,19,BARCELONA,8,BARCELONA
2022,4,1,HOME,31,"BATX. ELEM., GRADUAT, ESO",1973,128,RUMANIA,66,EXTRANJERO,128,RUMANIA,19/11/2007,79,MADRID,28,MADRID
2022,4,2,DONA,42,"BATXILLER SUPERIOR, BUP",1975,128,RUMANIA,66,EXTRANJERO,128,RUMANIA,05/05/2011,79,MADRID,28,MADRID
2022,4,2,DONA,22,PRIMÀRIA INCOMPLETA,1997,128,RUMANIA,66,EXTRANJERO,128,RUMANIA,01/08/2011,128,RUMANIA,66,EXTRANJERO
2022,4,3,DONA,43,ALTRES TÍTOLS DE GRAU MIG,1993,128,RUMANIA,66,EXTRANJERO,128,RUMANIA,17/12/2013,128,RUMANIA,66,EXTRANJERO
2022,4,3,HOME,11,NI LLEGIR NI ESCRIURE,2011,79,GIRONA,17,GIRONA,128,RUMANIA,11/10/2011,79,GIRONA,17,GIRONA
2022,4,3,HOME,41,FORMACIÓ PROFESS 2ON GRAU,1963,128,RUMANIA,66,EXTRANJERO,128,RUMANIA,20/06/2007,128,RUMANIA,66,EXTRANJERO
2022,4,4,HOME,46,LLICENCIAT O GRAU UNIVER.,1948,138,BELARÚS,66,EXTRANJERO,138,BELARÚS,31/08/2013,79,GIRONA,17,GIRONA
2022,4,4,DONA,46,LLICENCIAT O GRAU UNIVER.,1949,138,BELARÚS,66,EXTRANJERO,138,BELARÚS,31/08/2013,79,GIRONA,17,GIRONA
2022,4,4,DONA,46,LLICENCIAT O GRAU UNIVER.,1975,138,BELARÚS,66,EXTRANJERO,138,BELARÚS,09/08/2001,138,<20,66,EXTRANJERO
2022,5,1,HOME,46,LLICENCIAT O GRAU UNIVER.,1963,79,GIRONA,17,GIRONA,108,ESPAÑA,01/05/1996,79,GIRONA,17,GIRONA
2022,5,1,DONA,11,NI LLEGIR NI ESCRIURE,2008,79,GIRONA,17,GIRONA,108,ESPAÑA,28/07/2008,79,GIRONA,17,GIRONA
2022,5,1,DONA,11,NI LLEGIR NI ESCRIURE,2003,79,GIRONA,17,GIRONA,108,ESPAÑA,21/07/2003,79,GIRONA,17,GIRONA
2022,5,2,DONA,42,"BATXILLER SUPERIOR, BUP",1981,79,GIRONA,17,GIRONA,108,ESPAÑA,01/05/1996,79,GIRONA,17,GIRONA
2022,5,3,HOME,42,"BATXILLER SUPERIOR, BUP",1937,79,GIRONA,17,GIRONA,108,ESPAÑA,01/05/1996,79,GIRONA,17,GIRONA
2022,5,3,HOME,46,LLICENCIAT O GRAU UNIVER.,1977,340,ARGENTINA,66,EXTRANJERO,108,ESPAÑA,21/03/2007,22,LA BISBAL D'EMPORDA,17,GIRONA
2022,5,3,HOME,31,"BATX. ELEM., GRADUAT, ESO",1973,62,L'ESCALA,17,GIRONA,108,ESPAÑA,30/10/2003,44,CASSÀ DE LA SELVA,17,GIRONA
2022,5,4,HOME,42,"BATXILLER SUPERIOR, BUP",1986,19,BARCELONA,8,BARCELONA,108,ESPAÑA,16/10/2008,5,<20,8,BARCELONA
2022,5,4,DONA,22,PRIMÀRIA INCOMPLETA,1960,5,<20,14,CÓRDOBA,108,ESPAÑA,01/05/1996,160,S. FELIU DE GUIXOLS,17,GIRONA
2022,5,5,DONA,11,NI LLEGIR NI ESCRIURE,2003,79,GIRONA,17,GIRONA,108,ESPAÑA,14/02/2003,79,GIRONA,17,GIRONA
2022,5,5,HOME,40,"BATXILLER,FPII O SUPERIOR",1962,126,ALEMANIA,66,EXTRANJERO,126,ALEMANIA,13/04/1999,126,ALEMANIA,66,EXTRANJERO
2022,5,6,HOME,11,NI LLEGIR NI ESCRIURE,1999,79,GIRONA,17,GIRONA,108,ESPAÑA,29/05/1999,79,GIRONA,17,GIRONA
2022,5,6,DONA,46,LLICENCIAT O GRAU UNIVER.,1970,79,GIRONA,17,GIRONA,108,ESPAÑA,01/05/1996,79,GIRONA,17,GIRONA
2022,5,7,DONA,11,NI LLEGIR NI ESCRIURE,2008,79,GIRONA,17,GIRONA,108,ESPAÑA,21/07/2008,,,,
2022,5,7,HOME,31,"BATX. ELEM., GRADUAT, ESO",1962,24,<20,39,CANTABRIA,108,ESPAÑA,01/05/1996,87,<20,39,CANTABRIA
2022,6,1,DONA,42,"BATXILLER SUPERIOR, BUP",1990,79,GIRONA,17,GIRONA,108,ESPAÑA,01/05/1996,79,GIRONA,17,GIRONA
2022,6,1,DONA,40,"BATXILLER,FPII O SUPERIOR",1965,79,GIRONA,17,GIRONA,108,ESPAÑA,01/05/1996,79,GIRONA,17,GIRONA
2022,6,1,HOME,11,NI LLEGIR NI ESCRIURE,1999,79,GIRONA,17,GIRONA,108,ESPAÑA,06/01/1999,79,GIRONA,17,GIRONA
2022,6,1,HOME,40,"BATXILLER,FPII O SUPERIOR",1941,79,GIRONA,17,GIRONA,108,ESPAÑA,01/05/1996,79,GIRONA,17,GIRONA
2022,6,2,DONA,40,"BATXILLER,FPII O SUPERIOR",1944,79,GIRONA,17,GIRONA,108,ESPAÑA,01/05/1996,79,GIRONA,17,GIRONA
2022,6,2,HOME,40,"BATXILLER,FPII O SUPERIOR",1964,19,BARCELONA,8,BARCELONA,108,ESPAÑA,20/01/1998,163,SANT GREGORI,17,GIRONA
2022,6,2,HOME,44,DIPLOMAT ESCOLA UNIVERS.,1969,79,GIRONA,17,GIRONA,108,ESPAÑA,08/04/1999,66,FIGUERES,17,GIRONA
2022,6,2,DONA,42,"BATXILLER SUPERIOR, BUP",1962,79,GIRONA,17,GIRONA,108,ESPAÑA,01/05/1996,79,GIRONA,17,GIRONA
2022,6,2,DONA,21,SENSE ESTUDIS,1973,228,MARRUECOS,66,EXTRANJERO,228,MARRUECOS,06/11/2009,79,GIRONA,17,GIRONA
2022,6,2,DONA,21,SENSE ESTUDIS,1984,228,MARRUECOS,66,EXTRANJERO,228,MARRUECOS,30/03/2010,79,GIRONA,17,GIRONA
2022,6,3,HOME,11,NI LLEGIR NI ESCRIURE,2011,79,GIRONA,17,GIRONA,228,MARRUECOS,24/05/2011,79,GIRONA,17,GIRONA
2022,6,3,HOME,22,PRIMÀRIA INCOMPLETA,1977,228,MARRUECOS,66,EXTRANJERO,228,MARRUECOS,18/03/2008,79,GIRONA,17,GIRONA
2022,6,3,DONA,31,"BATX. ELEM., GRADUAT, ESO",1984,120,PALENCIA,34,PALENCIA,108,ESPAÑA,28/11/2013,155,SALT,17,GIRONA
2022,6,3,DONA,42,"BATXILLER SUPERIOR, BUP",1986,112,<20,66,EXTRANJERO,112,HUNGRIA,12/11/2009,112,<20,66,EXTRANJERO
2022,6,3,DONA,11,NI LLEGIR NI ESCRIURE,1949,228,MARRUECOS,66,EXTRANJERO,228,MARRUECOS,20/10/1997,228,MARRUECOS,66,EXTRANJERO
2022,6,3,HOME,11,NI LLEGIR NI ESCRIURE,1947,228,MARRUECOS,66,EXTRANJERO,228,MARRUECOS,20/10/1997,228,MARRUECOS,66,EXTRANJERO
2022,6,4,DONA,31,"BATX. ELEM., GRADUAT, ESO",1981,228,MARRUECOS,66,EXTRANJERO,228,MARRUECOS,02/07/2007,155,SALT,17,GIRONA
2022,6,4,HOME,22,PRIMÀRIA INCOMPLETA,1968,79,GIRONA,17,GIRONA,108,ESPAÑA,14/01/2010,155,SALT,17,GIRONA
2022,6,4,HOME,22,PRIMÀRIA INCOMPLETA,1971,163,SANT GREGORI,17,GIRONA,108,ESPAÑA,31/01/2013,155,SALT,17,GIRONA
2022,6,4,HOME,31,"BATX. ELEM., GRADUAT, ESO",1963,79,GIRONA,17,GIRONA,108,ESPAÑA,24/07/2013,155,SALT,17,GIRONA
2022,6,4,HOME,22,PRIMÀRIA INCOMPLETA,1957,6,<20,6,BADAJOZ,108,ESPAÑA,01/05/1996,274,SALAMANCA,37,SALAMANCA
2022,6,4,HOME,22,PRIMÀRIA INCOMPLETA,1973,79,GIRONA,17,GIRONA,108,ESPAÑA,01/03/2006,79,GIRONA,17,GIRONA
2022,6,4,DONA,31,"BATX. ELEM., GRADUAT, ESO",1924,186,VALLADOLID,47,VALLADOLID,108,ESPAÑA,01/05/1996,186,VALLADOLID,47,VALLADOLID
2022,6,4,DONA,31,"BATX. ELEM., GRADUAT, ESO",1957,81,<20,23,JAÉN,108,ESPAÑA,01/05/1996,117,PALAFRUGELL,17,GIRONA
2022,6,5,HOME,32,FORMACIÓ PROFESS 1ER GRAU,1957,88,<20,8,BARCELONA,108,ESPAÑA,01/05/1996,117,PALAFRUGELL,17,GIRONA
2022,6,5,HOME,42,"BATXILLER SUPERIOR, BUP",1971,79,GIRONA,17,GIRONA,108,ESPAÑA,01/05/1996,79,GIRONA,17,GIRONA
2022,6,5,HOME,42,"BATXILLER SUPERIOR, BUP",1964,79,GIRONA,17,GIRONA,108,ESPAÑA,01/05/1996,79,GIRONA,17,GIRONA
2022,6,5,HOME,41,FORMACIÓ PROFESS 2ON GRAU,1954,79,GIRONA,17,GIRONA,108,ESPAÑA,01/05/1996,79,GIRONA,17,GIRONA
2022,6,5,DONA,42,"BATXILLER SUPERIOR, BUP",1960,79,GIRONA,17,GIRONA,108,ESPAÑA,01/05/1996,79,GIRONA,17,GIRONA
2022,6,5,HOME,32,FORMACIÓ PROFESS 1ER GRAU,1960,79,GIRONA,17,GIRONA,108,ESPAÑA,01/05/1996,79,GIRONA,17,GIRONA
2022,6,5,HOME,42,"BATXILLER SUPERIOR, BUP",1963,79,GIRONA,17,GIRONA,108,ESPAÑA,01/05/1996,79,GIRONA,17,GIRONA
2022,6,6,DONA,46,LLICENCIAT O GRAU UNIVER.,1965,19,BARCELONA,8,BARCELONA,108,ESPAÑA,28/10/2003,95,LLORET DE MAR,17,GIRONA
2022,6,6,DONA,11,NI LLEGIR NI ESCRIURE,1933,56,PUENTE GENIL,14,CÓRDOBA,108,ESPAÑA,01/05/1996,56,PUENTE GENIL,14,CÓRDOBA
2022,6,6,HOME,42,"BATXILLER SUPERIOR, BUP",1967,203,ARGELIA,66,EXTRANJERO,203,ARGELIA,27/02/1997,203,ARGELIA,66,EXTRANJERO
2022,6,6,DONA,42,"BATXILLER SUPERIOR, BUP",1970,79,GIRONA,17,GIRONA,108,ESPAÑA,19/09/1996,79,GIRONA,17,GIRONA
2022,6,6,DONA,31,"BATX. ELEM., GRADUAT, ESO",1996,79,GIRONA,17,GIRONA,108,ESPAÑA,01/05/1996,79,GIRONA,17,GIRONA
2022,6,6,HOME,42,"BATXILLER SUPERIOR, BUP",1952,51,<20,44,TERUEL,108,ESPAÑA,30/03/2012,79,GIRONA,17,GIRONA
2022,6,6,HOME,31,"BATX. ELEM., GRADUAT, ESO",1988,92,LLANÇÀ,17,GIRONA,108,ESPAÑA,31/08/2011,92,LLANÇÀ,17,GIRONA
2022,6,6,HOME,11,NI LLEGIR NI ESCRIURE,2012,79,GIRONA,17,GIRONA,108,ESPAÑA,08/08/2012,,,,
2022,6,6,DONA,46,LLICENCIAT O GRAU UNIVER.,1977,66,FIGUERES,17,GIRONA,108,ESPAÑA,22/01/2008,66,FIGUERES,17,GIRONA
2022,6,6,HOME,46,LLICENCIAT O GRAU UNIVER.,1974,66,FIGUERES,17,GIRONA,108,ESPAÑA,22/01/2008,66,FIGUERES,17,GIRONA
2022,6,7,DONA,11,NI LLEGIR NI ESCRIURE,2008,79,GIRONA,17,GIRONA,108,ESPAÑA,13/01/2008,79,GIRONA,17,GIRONA
2022,6,7,HOME,45,"ARQUITECTE,ENGINYER TÈCNI",1976,274,SALAMANCA,37,SALAMANCA,108,ESPAÑA,24/03/2010,99,<20,8,BARCELONA
2022,6,7,HOME,11,NI LLEGIR NI ESCRIURE,2012,79,GIRONA,17,GIRONA,108,ESPAÑA,14/05/2012,79,GIRONA,17,GIRONA
2022,6,7,DONA,46,LLICENCIAT O GRAU UNIVER.,1980,79,GIRONA,17,GIRONA,108,ESPAÑA,24/03/2010,49,CELRÀ,17,GIRONA
2022,6,7,HOME,11,NI LLEGIR NI ESCRIURE,2009,79,GIRONA,17,GIRONA,108,ESPAÑA,23/11/2009,79,GIRONA,17,GIRONA
2022,6,7,DONA,42,"BATXILLER SUPERIOR, BUP",1988,350,URUGUAY,66,EXTRANJERO,108,ESPAÑA,09/06/2011,233,VILOBI D'ONYAR,17,GIRONA
